{
    "img" : "camping.jpg",
    "imgsize" : [640, 480],
    "gridsize" : [3, 3],
    "cells": [
        [44.658154, -63.620855],
        [44.667662, -63.617120],
        [44.671877, -63.610333],

        [44.648621, -63.615334],
        [44.654360, -63.599475],
        [44.661817, -63.591300],

        [44.637906, -63.600291],
        [44.642584, -63.591429],
        [44.645701, -63.576480]
    ]
}