{
    "img" : "camping.jpg",
    "imgsize" : [640, 480],
    "gridsize" : [3, 3],
    "cells": [
    [44.656997, -63.645729, 0.4],  
    [44.670167, -63.617868, 0.4],  
    [44.674074, -63.616407, 0.4],  
    [44.642143, -63.613197, 0.4],  
    [44.648239, -63.582055, 0.4],  
    [44.670387, -63.581835, 0.4],  
    [44.630094, -63.596846, 0.5],  
    [44.624063, -63.569476, 0.5],  
    [44.659454, -63.554963, 0.4]]
}